metric,value
CAGR,0.8341613966658505
annualized_volatility,0.5164510842574344
Sharpe_ratio,1.4283574283311693
max_drawdown,-0.3647923930299536
win_rate_vs_QQQ,0.5982905982905983
average_monthly_return,0.061473061880732746
median_monthly_return,0.03596354586252859
best_month,0.6073039125207716
worst_month,-0.23397967789853
total_return,369.26793119335696
number_of_rebalances,117.0
average_turnover,0.7094017094017095
