metric,value
CAGR,0.834161335284707
annualized_volatility,0.5164510773299401
Sharpe_ratio,1.4283573721459801
max_drawdown,-0.3647922790992204
win_rate_vs_QQQ,0.5982905982905983
average_monthly_return,0.06147305863807947
median_monthly_return,0.035963662127853104
best_month,0.6073039125207716
worst_month,-0.23397962157975175
total_return,369.26781037913025
number_of_rebalances,117.0
average_turnover,0.7094017094017095
